Sender,B cell,"CD4-positive, alpha-beta T cell","CD8-positive, alpha-beta T cell",adventitial cell,alveolar adventitial fibroblast,basal cell,basophil,bronchial smooth muscle cell,capillary endothelial cell,classical monocyte,club cell,endothelial cell of artery,endothelial cell of lymphatic vessel,intermediate monocyte,lung multiciliated epithelial cell,macrophage,mast cell,mature NK T cell,mesothelial cell,monocyte,myeloid dendritic cell,natural killer cell,neutrophil,non-classical monocyte,pericyte,plasma cell,plasmacytoid dendritic cell,pulmonary alveolar type 1 cell,pulmonary alveolar type 2 cell,pulmonary ionocyte,respiratory tract goblet cell,serous cell of epithelium of bronchus,vascular associated smooth muscle cell,vein endothelial cell
B cell,0.3996540606021881,0.34621962904930115,0.44321712851524353,0.4949844479560852,0.2794121503829956,0.2719721496105194,0.315974622964859,0.20731759071350098,0.30155661702156067,0.6850593686103821,0.2618817985057831,0.26814040541648865,0.2931915521621704,0.6912932395935059,0.14017456769943237,0.6886075735092163,0.33772146701812744,0.48195162415504456,0.2625545561313629,0.6480463743209839,0.7971169948577881,0.46775004267692566,0.7927420139312744,0.6789914965629578,0.32045039534568787,0.027313577011227608,0.5847506523132324,0.2639310657978058,0.2143753618001938,0.3448064625263214,0.2501632273197174,0.4464919865131378,0.2604192793369293,0.316507488489151
"CD4-positive, alpha-beta T cell",0.39490485191345215,0.41253575682640076,0.5211650133132935,0.4045456051826477,0.24410124123096466,0.28996238112449646,0.3759223520755768,0.20177555084228516,0.2740878760814667,0.5874353647232056,0.2869349718093872,0.35199254751205444,0.3977089822292328,0.591708779335022,0.18623217940330505,0.590225875377655,0.3805679380893707,0.556685209274292,0.350511372089386,0.5379570126533508,0.6328716278076172,0.5481466054916382,0.7100370526313782,0.5729303956031799,0.28038808703422546,0.055217958986759186,0.4641147553920746,0.30193892121315,0.2271563708782196,0.3628503978252411,0.274920791387558,0.4826609790325165,0.22553585469722748,0.41339659690856934
"CD8-positive, alpha-beta T cell",0.49736288189888,0.5231236219406128,0.5993862152099609,0.555713415145874,0.3695155680179596,0.3442309498786926,0.4937264621257782,0.33461993932724,0.41044262051582336,0.6546309590339661,0.3520415127277374,0.5228981971740723,0.5421931743621826,0.6568230390548706,0.2974027097225189,0.6609156131744385,0.5162593126296997,0.6253926753997803,0.45903608202934265,0.6113978624343872,0.6911888718605042,0.6128948330879211,0.7830930948257446,0.6414519548416138,0.36593011021614075,0.3017129600048065,0.5398800373077393,0.37787747383117676,0.2978533208370209,0.4070777893066406,0.34306174516677856,0.5872945785522461,0.3374638259410858,0.5742020606994629
adventitial cell,0.4907655417919159,0.4193243384361267,0.4748114049434662,0.5632830858230591,0.46691933274269104,0.37083864212036133,0.44058993458747864,0.49349603056907654,0.4981413781642914,0.7032192945480347,0.35015344619750977,0.45526209473609924,0.46919479966163635,0.7051974534988403,0.26530715823173523,0.7031728029251099,0.5079529285430908,0.5204306840896606,0.32515326142311096,0.6599361896514893,0.8319078087806702,0.4993048906326294,0.7842355966567993,0.7006226778030396,0.5504812598228455,0.39809587597846985,0.6008161306381226,0.419606477022171,0.35164880752563477,0.3504728376865387,0.34436890482902527,0.4738617241382599,0.5530597567558289,0.4744907319545746
alveolar adventitial fibroblast,0.46658632159233093,0.38029053807258606,0.4179970324039459,0.49061885476112366,0.442209392786026,0.39149075746536255,0.41315826773643494,0.43736737966537476,0.5223644971847534,0.5744339227676392,0.39475080370903015,0.4871639311313629,0.486063152551651,0.5853009223937988,0.3148265480995178,0.6029594540596008,0.48262250423431396,0.4499812126159668,0.3455236554145813,0.5482685565948486,0.8424533605575562,0.43552470207214355,0.6591617465019226,0.5795531272888184,0.5184494853019714,0.33870235085487366,0.577404260635376,0.4250316917896271,0.36686936020851135,0.3654879033565521,0.36715173721313477,0.4588002562522888,0.5088387131690979,0.5016989707946777
basal cell,0.3578213155269623,0.2915477454662323,0.32298001646995544,0.3215303421020508,0.19934816658496857,0.2091890573501587,0.2797154486179352,0.2149951010942459,0.26019659638404846,0.37849387526512146,0.23719623684883118,0.22917607426643372,0.21153365075588226,0.39632126688957214,0.1267445832490921,0.4343176782131195,0.27777597308158875,0.32937297224998474,0.1943211853504181,0.36414021253585815,0.7827485799789429,0.313840389251709,0.5120302438735962,0.3849310576915741,0.27825111150741577,0.22493061423301697,0.4910455346107483,0.23020614683628082,0.22347164154052734,0.2232746183872223,0.23154571652412415,0.36072173714637756,0.2768011689186096,0.2568437159061432
basophil,0.4913066029548645,0.4288812577724457,0.47214841842651367,0.666724443435669,0.5167803764343262,0.4250292479991913,0.47318118810653687,0.3670952618122101,0.48512473702430725,0.550804853439331,0.4346338212490082,0.4617565870285034,0.4696047008037567,0.5460326671600342,0.36276018619537354,0.555351734161377,0.4824539124965668,0.5149005055427551,0.4664561450481415,0.5053367614746094,0.5671335458755493,0.5191617608070374,0.6978241205215454,0.5335776805877686,0.5182548761367798,0.3484276235103607,0.6454698443412781,0.47804269194602966,0.41296401619911194,0.508868932723999,0.4091801941394806,0.6473552584648132,0.40782955288887024,0.4891158640384674
bronchial smooth muscle cell,0.42405039072036743,0.2977108955383301,0.3374048173427582,0.49112704396247864,0.4107133448123932,0.3638556897640228,0.3355696499347687,0.431677907705307,0.4474039375782013,0.5492639541625977,0.33361154794692993,0.3708374500274658,0.40296104550361633,0.5576545000076294,0.2340974062681198,0.5852673649787903,0.40019434690475464,0.357351690530777,0.3103446364402771,0.5084941387176514,0.8019116520881653,0.3472093641757965,0.6698520183563232,0.546047568321228,0.4951457977294922,0.2551545798778534,0.5849888324737549,0.4167659282684326,0.3419050872325897,0.3415800631046295,0.32565179467201233,0.4681389033794403,0.4922578036785126,0.3670565187931061
capillary endothelial cell,0.5897500514984131,0.4617302417755127,0.5246316194534302,0.4711669087409973,0.3800930082798004,0.37034180760383606,0.46715477108955383,0.3905772864818573,0.4859883189201355,0.5277636051177979,0.4214359223842621,0.45167455077171326,0.43882206082344055,0.5409623980522156,0.3782253563404083,0.5611813068389893,0.4864499866962433,0.5515273809432983,0.40858194231987,0.5128359794616699,0.9134728908538818,0.5484187602996826,0.6442187428474426,0.5367453098297119,0.4270980656147003,0.4081597626209259,0.7217391729354858,0.41556233167648315,0.4077928364276886,0.41485413908958435,0.3939395844936371,0.4858621656894684,0.4338759779930115,0.4660056233406067
classical monocyte,0.48644182085990906,0.39542317390441895,0.44373369216918945,0.707107663154602,0.5385009050369263,0.3786619007587433,0.4038334786891937,0.26582011580467224,0.44049423933029175,0.5207854509353638,0.38771653175354004,0.38367167115211487,0.38955387473106384,0.527904748916626,0.24613261222839355,0.5559383034706116,0.43770071864128113,0.5044481158256531,0.36363139748573303,0.4993589222431183,0.7828170657157898,0.488054096698761,0.6837793588638306,0.5151282548904419,0.5587405562400818,0.289519727230072,0.7106238007545471,0.40291687846183777,0.3712739050388336,0.43304339051246643,0.3659880459308624,0.5652265548706055,0.34003162384033203,0.42520657181739807
club cell,0.3643108904361725,0.3330794870853424,0.3742077052593231,0.3410118520259857,0.23099634051322937,0.23836097121238708,0.31478509306907654,0.20995399355888367,0.28983449935913086,0.37113791704177856,0.2727302014827728,0.2554415166378021,0.24473562836647034,0.38811230659484863,0.1626865267753601,0.4144275188446045,0.3177271783351898,0.3841204345226288,0.2243024706840515,0.35681280493736267,0.7661899328231812,0.3696771264076233,0.48092105984687805,0.38010916113853455,0.29683730006217957,0.25048455595970154,0.5051481127738953,0.27963098883628845,0.25809183716773987,0.2822318971157074,0.2650289833545685,0.377901166677475,0.27104511857032776,0.28228962421417236
endothelial cell of artery,0.5315670371055603,0.40921157598495483,0.46416375041007996,0.41260772943496704,0.3269883096218109,0.3087923228740692,0.40730613470077515,0.3324788510799408,0.42348453402519226,0.4870176613330841,0.35579100251197815,0.40360793471336365,0.38829687237739563,0.4949479401111603,0.32790830731391907,0.5244461297988892,0.4224194586277008,0.4926339089870453,0.3589383363723755,0.4621061086654663,0.8558818101882935,0.48297083377838135,0.6168361902236938,0.4925045967102051,0.3479515612125397,0.3829449713230133,0.6361518502235413,0.3500955402851105,0.3500860631465912,0.3517516553401947,0.330062597990036,0.4438371956348419,0.35872378945350647,0.4163331091403961
endothelial cell of lymphatic vessel,0.5950075387954712,0.43020662665367126,0.46754851937294006,0.4499253034591675,0.3625338673591614,0.3831641972064972,0.4179041385650635,0.36352482438087463,0.46478042006492615,0.5868008732795715,0.42768344283103943,0.4388065040111542,0.42400285601615906,0.593372106552124,0.39508458971977234,0.6295093297958374,0.473664790391922,0.49497249722480774,0.40139445662498474,0.5498398542404175,0.9734324812889099,0.4845767319202423,0.7114478945732117,0.5923142433166504,0.3959568440914154,0.418936163187027,0.7705590724945068,0.4015349745750427,0.41326704621315,0.4176626205444336,0.4063722491264343,0.49030032753944397,0.3966315984725952,0.45418456196784973
intermediate monocyte,0.49255189299583435,0.3930779993534088,0.43942442536354065,0.7183820009231567,0.5505069494247437,0.3840775191783905,0.4033340513706207,0.28280505537986755,0.44338259100914,0.504935622215271,0.39047256112098694,0.3840489089488983,0.3882155120372772,0.5166807770729065,0.26075804233551025,0.5458039045333862,0.4371584355831146,0.49383649230003357,0.37073445320129395,0.4862503111362457,0.7766598463058472,0.47830960154533386,0.6688531637191772,0.5037084817886353,0.5771198272705078,0.2926512062549591,0.712774395942688,0.408674031496048,0.37315866351127625,0.43553411960601807,0.3732396364212036,0.5768769383430481,0.3576444685459137,0.4240137040615082
lung multiciliated epithelial cell,0.3148132264614105,0.2734181582927704,0.3090827167034149,0.2950313091278076,0.16510066390037537,0.1233927458524704,0.2454318106174469,0.13461992144584656,0.22228361666202545,0.5100563764572144,0.16552835702896118,0.1934145838022232,0.1744883954524994,0.5304242372512817,0.09301725775003433,0.5236330032348633,0.2520290017127991,0.31486818194389343,0.13523851335048676,0.4650052487850189,0.8159680366516113,0.30274882912635803,0.6011402606964111,0.49934324622154236,0.222065731883049,0.15999767184257507,0.47074273228645325,0.18910004198551178,0.16414372622966766,0.17829784750938416,0.16033293306827545,0.26036643981933594,0.1986808180809021,0.21802833676338196
macrophage,0.4354109764099121,0.37789618968963623,0.41379889845848083,0.7475619316101074,0.5923037528991699,0.4008490741252899,0.40306171774864197,0.3293572962284088,0.4477531611919403,0.5632423758506775,0.4086154103279114,0.39232137799263,0.3803882598876953,0.5709561109542847,0.28789010643959045,0.5877448320388794,0.45284274220466614,0.473882794380188,0.39550772309303284,0.5401148200035095,0.7677187919616699,0.4605846107006073,0.6979794502258301,0.5604461431503296,0.6028130054473877,0.31970688700675964,0.7456190586090088,0.42975783348083496,0.40011897683143616,0.42096439003944397,0.40231454372406006,0.5796911716461182,0.40184763073921204,0.41870376467704773
mast cell,0.457945853471756,0.40490302443504333,0.4611569941043854,0.5939040780067444,0.4351273775100708,0.35226133465766907,0.4274200201034546,0.3329921066761017,0.42612650990486145,0.5317106246948242,0.3646512031555176,0.4056166112422943,0.42005881667137146,0.5376343727111816,0.295894593000412,0.5514388680458069,0.4640260636806488,0.5012255907058716,0.377833753824234,0.49711868166923523,0.7390486001968384,0.5059446096420288,0.685390293598175,0.5216697454452515,0.4457702338695526,0.280304491519928,0.6825880408287048,0.41758522391319275,0.35421666502952576,0.4654140770435333,0.34882408380508423,0.5184682607650757,0.37876251339912415,0.43830063939094543
mature NK T cell,0.4629074037075043,0.48729440569877625,0.5675863027572632,0.5724263787269592,0.3783784806728363,0.34657570719718933,0.4713766872882843,0.3483200967311859,0.3997832238674164,0.6167687177658081,0.34980157017707825,0.5044138431549072,0.5369609594345093,0.6113128662109375,0.30008837580680847,0.6155623197555542,0.49885833263397217,0.600256621837616,0.4514378011226654,0.5655344724655151,0.6453596353530884,0.5891159772872925,0.758208155632019,0.5970438718795776,0.3605365753173828,0.3026343882083893,0.5171142816543579,0.3802630305290222,0.30071908235549927,0.4113340377807617,0.34727463126182556,0.5943886637687683,0.34778931736946106,0.5580968856811523
mesothelial cell,0.47497716546058655,0.43534961342811584,0.4643678367137909,0.42399802803993225,0.3122650682926178,0.24858692288398743,0.44823509454727173,0.3549594581127167,0.4211188554763794,0.5418108105659485,0.26601725816726685,0.3979637324810028,0.3658570349216461,0.5454450249671936,0.16845357418060303,0.5661014318466187,0.4408934414386749,0.48903608322143555,0.26017922163009644,0.5016125440597534,0.8396738171577454,0.4787806570529938,0.648795485496521,0.5389989614486694,0.3656925857067108,0.3787957727909088,0.5529216527938843,0.2894922196865082,0.261084645986557,0.2816990315914154,0.25806137919425964,0.37961772084236145,0.40053609013557434,0.4032783806324005
monocyte,0.44494760036468506,0.36344245076179504,0.4054034352302551,0.6156108379364014,0.4569193720817566,0.3314962089061737,0.35559725761413574,0.23162424564361572,0.3808422386646271,0.4522819221019745,0.3381156623363495,0.3233265280723572,0.33507511019706726,0.4636569917201996,0.21097633242607117,0.49364641308784485,0.38519537448883057,0.44967928528785706,0.3078068196773529,0.4373026490211487,0.7321643829345703,0.4350580871105194,0.6190159916877747,0.4503967761993408,0.5049926042556763,0.1942417174577713,0.6350387334823608,0.3502602279186249,0.31765231490135193,0.40649497509002686,0.3196336328983307,0.4802560806274414,0.3048596978187561,0.36761191487312317
myeloid dendritic cell,0.41719764471054077,0.4074888527393341,0.4520852267742157,0.6964671611785889,0.5871475338935852,0.44832977652549744,0.4153817892074585,0.33357396721839905,0.4932161271572113,0.6410907506942749,0.4450508654117584,0.44899222254753113,0.43746086955070496,0.6345251202583313,0.34174469113349915,0.6139447689056396,0.4946708083152771,0.5050708651542664,0.4318973422050476,0.5945433378219604,0.6495621204376221,0.49682173132896423,0.7982558608055115,0.6204476356506348,0.5454798936843872,0.3764214813709259,0.589469313621521,0.48589032888412476,0.42498424649238586,0.440986305475235,0.43751317262649536,0.5921186208724976,0.38027647137641907,0.4773838520050049
natural killer cell,0.4944997727870941,0.5011785626411438,0.584946870803833,0.5755234956741333,0.3989410102367401,0.362947016954422,0.4967997968196869,0.36901649832725525,0.43815961480140686,0.6351264119148254,0.3705337941646576,0.5258417129516602,0.5606729984283447,0.6297124624252319,0.34450045228004456,0.6368523836135864,0.5301110744476318,0.6159374117851257,0.46933576464653015,0.5858795642852783,0.6583216190338135,0.6053651571273804,0.7783544063568115,0.6154261827468872,0.39297619462013245,0.3384611904621124,0.5439441204071045,0.3974169194698334,0.32507458329200745,0.4266606271266937,0.3717232048511505,0.6143282651901245,0.37254300713539124,0.5760962963104248
neutrophil,0.6544530391693115,0.5874378681182861,0.7125481367111206,0.6929180026054382,0.5111943483352661,0.3729783296585083,0.5838056802749634,0.4209010899066925,0.6222045421600342,0.7438764572143555,0.43767064809799194,0.6204588413238525,0.6080554723739624,0.7483596205711365,0.36711010336875916,0.7358088493347168,0.6868979930877686,0.7734296321868896,0.434393048286438,0.7332714796066284,0.9827095866203308,0.7502865791320801,0.8330045342445374,0.7480394840240479,0.49336904287338257,0.5014134049415588,0.7827877998352051,0.4252747893333435,0.4007512032985687,0.3975773751735687,0.43538692593574524,0.6624786853790283,0.4147126078605652,0.6696226596832275
non-classical monocyte,0.4656962752342224,0.3740560710430145,0.4175836443901062,0.6900092959403992,0.5185025930404663,0.3586066663265228,0.3802897036075592,0.25417786836624146,0.4091978073120117,0.474122017621994,0.36700138449668884,0.35385873913764954,0.36577925086021423,0.48410603404045105,0.2320772111415863,0.5199699401855469,0.41149261593818665,0.46985146403312683,0.34426170587539673,0.4560047686100006,0.7689499258995056,0.45593544840812683,0.6417494416236877,0.47055020928382874,0.5442813634872437,0.24950739741325378,0.6961241960525513,0.38180968165397644,0.3484528958797455,0.42165639996528625,0.34348824620246887,0.5365729331970215,0.32488659024238586,0.3955691158771515
pericyte,0.35434406995773315,0.27429118752479553,0.30146074295043945,0.4722524881362915,0.3868008255958557,0.34561723470687866,0.3140932321548462,0.4257124364376068,0.463847815990448,0.413129597902298,0.3406781852245331,0.3910869061946869,0.41968995332717896,0.44815120100975037,0.2604270875453949,0.46144941449165344,0.39365407824516296,0.31188395619392395,0.2921295464038849,0.4381606876850128,0.7565276622772217,0.3013586699962616,0.44171446561813354,0.4404328167438507,0.4797061085700989,0.20780213177204132,0.5090427398681641,0.3879874646663666,0.3126070201396942,0.33215591311454773,0.3129698932170868,0.3629278838634491,0.48791196942329407,0.396519273519516
plasma cell,0.3096829056739807,0.21128764748573303,0.27433761954307556,0.3887670338153839,0.1571362167596817,0.15142011642456055,0.0790819525718689,0.11704814434051514,0.15427352488040924,0.22712279856204987,0.13511286675930023,0.12974347174167633,0.12394437193870544,0.25035038590431213,0.054198116064071655,0.3330651819705963,0.13423743844032288,0.2915283441543579,0.09308907389640808,0.19162923097610474,0.8751488327980042,0.2835633158683777,0.33759233355522156,0.23109355568885803,0.14202068746089935,0.008989112451672554,0.4407821595668793,0.1704200804233551,0.13503992557525635,0.2165687084197998,0.16659873723983765,0.26202523708343506,0.17517812550067902,0.1738460808992386
plasmacytoid dendritic cell,0.7606877088546753,0.4922575354576111,0.5565205216407776,0.6446857452392578,0.4828767478466034,0.5166627168655396,0.4967294931411743,0.49875110387802124,0.6517601013183594,0.6907187104225159,0.5628393888473511,0.6158237457275391,0.6006860733032227,0.7109904289245605,0.5103869438171387,0.7922439575195312,0.694172203540802,0.5741565227508545,0.49525895714759827,0.7008093595504761,1.0051250457763672,0.5661616325378418,0.8262601494789124,0.7174192667007446,0.5615428686141968,0.531721293926239,0.9201105833053589,0.48347654938697815,0.5276769995689392,0.5703606605529785,0.5527586936950684,0.5589618682861328,0.5188655853271484,0.6585105657577515
pulmonary alveolar type 1 cell,0.45808324217796326,0.45190340280532837,0.49185582995414734,0.47617867588996887,0.36176976561546326,0.35944032669067383,0.45778971910476685,0.39526644349098206,0.4452503025531769,0.558731198310852,0.406948059797287,0.4069952070713043,0.3978694677352905,0.567306399345398,0.3167576789855957,0.5749610662460327,0.4811001718044281,0.5091170072555542,0.36281073093414307,0.5281896591186523,0.8388226628303528,0.5015933513641357,0.6497558355331421,0.5556618571281433,0.4410434663295746,0.36810824275016785,0.5719175934791565,0.4287092387676239,0.39910784363746643,0.38218238949775696,0.3863895833492279,0.43603673577308655,0.4513207972049713,0.4132280647754669
pulmonary alveolar type 2 cell,0.33340010046958923,0.32182565331459045,0.35937371850013733,0.39175960421562195,0.25887271761894226,0.25249919295310974,0.3327903151512146,0.24446070194244385,0.3071725070476532,0.3917626738548279,0.28169184923171997,0.2733650505542755,0.25962749123573303,0.4066660702228546,0.1720569133758545,0.4269702434539795,0.33548203110694885,0.3784308135509491,0.24585860967636108,0.367570698261261,0.7309064865112305,0.3647936284542084,0.46798470616340637,0.3978955149650574,0.31841427087783813,0.27104371786117554,0.48804497718811035,0.2963092625141144,0.2818368971347809,0.29411056637763977,0.2762177884578705,0.3707136809825897,0.2923700213432312,0.2921179234981537
pulmonary ionocyte,0.46798214316368103,0.3994612395763397,0.4310082495212555,0.42409420013427734,0.3379940092563629,0.31984832882881165,0.436604768037796,0.32043519616127014,0.3847421109676361,0.4774464964866638,0.37107232213020325,0.36111053824424744,0.367470383644104,0.4872845709323883,0.2878287732601166,0.5188587307929993,0.43665918707847595,0.4457889497280121,0.3600710332393646,0.4526669979095459,0.873949408531189,0.43718066811561584,0.5625705718994141,0.4778108298778534,0.3665193021297455,0.3484964370727539,0.6015386581420898,0.34698596596717834,0.36903873085975647,0.36504843831062317,0.35102900862693787,0.4233580231666565,0.35854241251945496,0.37993016839027405
respiratory tract goblet cell,0.4015267789363861,0.33105140924453735,0.3691294491291046,0.34576305747032166,0.21032929420471191,0.20412039756774902,0.2960776388645172,0.1995927393436432,0.278524249792099,0.4747815430164337,0.2517969012260437,0.24670395255088806,0.22661112248897552,0.4891722500324249,0.14940890669822693,0.5197542905807495,0.3061404824256897,0.37965601682662964,0.20431043207645416,0.45124301314353943,0.8202394247055054,0.3569713532924652,0.6255555152893066,0.4789881408214569,0.2952010929584503,0.25827616453170776,0.5487308502197266,0.24689285457134247,0.2322947382926941,0.22951410710811615,0.24747443199157715,0.36129698157310486,0.2740226686000824,0.27927276492118835
serous cell of epithelium of bronchus,0.3669007122516632,0.281920850276947,0.3255387842655182,0.4035874903202057,0.21086174249649048,0.22364115715026855,0.2683468461036682,0.2079523801803589,0.2635110318660736,0.3853060305118561,0.24356168508529663,0.23444360494613647,0.21603599190711975,0.4089679718017578,0.12524162232875824,0.46349719166755676,0.29015183448791504,0.34459683299064636,0.1988341510295868,0.36763402819633484,0.8368711471557617,0.3216104507446289,0.45816925168037415,0.39371272921562195,0.2580287754535675,0.1974124014377594,0.4859751760959625,0.26058244705200195,0.24028784036636353,0.27824902534484863,0.23957782983779907,0.37096038460731506,0.2569938004016876,0.26228299736976624
vascular associated smooth muscle cell,0.40285906195640564,0.2839844524860382,0.32070884108543396,0.5130774974822998,0.4429907202720642,0.351578027009964,0.3213426470756531,0.4603613615036011,0.5070637464523315,0.519089937210083,0.3340444266796112,0.4241044819355011,0.46516814827919006,0.5412099957466125,0.23880238831043243,0.5656806230545044,0.43115317821502686,0.3346470296382904,0.308921217918396,0.5061596632003784,0.7840487957000732,0.3205150067806244,0.6257591247558594,0.531839907169342,0.5323840379714966,0.2301294505596161,0.5620285272598267,0.40532344579696655,0.325549453496933,0.33561083674430847,0.3167215883731842,0.4138805568218231,0.5176339745521545,0.41891494393348694
vein endothelial cell,0.5316543579101562,0.385945200920105,0.44098415970802307,0.39621701836586,0.30379995703697205,0.2860797345638275,0.378618985414505,0.3023264408111572,0.4004814624786377,0.4760352075099945,0.3267984092235565,0.37808242440223694,0.36662426590919495,0.48657742142677307,0.3036483824253082,0.5241087675094604,0.40032193064689636,0.46693485975265503,0.3245339095592499,0.4519827663898468,0.860636830329895,0.4540795385837555,0.6147356629371643,0.4830302894115448,0.32475391030311584,0.36465534567832947,0.6413686275482178,0.312675803899765,0.3121449053287506,0.32097503542900085,0.3053162097930908,0.4302346110343933,0.3315556049346924,0.39775002002716064
