Sender,B cell,"CD4-positive, alpha-beta T cell","CD8-positive, alpha-beta T cell",T cell,classical monocyte,endothelial cell,fibroblast,intermediate monocyte,macrophage,mast cell,mature NK T cell,monocyte,natural killer cell,neutrophil,non-classical monocyte,pancreatic A cell,pancreatic D cell,pancreatic PP cell,pancreatic acinar cell,pancreatic ductal cell,pancreatic stellate cell,plasma cell,type B pancreatic cell
B cell,0.4627028703689575,0.3403036594390869,0.4229385554790497,0.4572063982486725,0.5825684666633606,0.46511146426200867,0.42190617322921753,0.5980148315429688,0.5843779444694519,0.39840763807296753,0.42267361283302307,0.6280475854873657,0.5124078989028931,0.5340961813926697,0.5637288093566895,0.32590267062187195,0.22699092328548431,0.26826396584510803,0.23800572752952576,0.2652463912963867,0.2957953214645386,0.2709549069404602,0.20146499574184418
"CD4-positive, alpha-beta T cell",0.4137437045574188,0.34611839056015015,0.440255343914032,0.42762160301208496,0.5286144018173218,0.3327695429325104,0.3420652449131012,0.5423575639724731,0.5185200572013855,0.35261398553848267,0.43757885694503784,0.5873897671699524,0.5504370927810669,0.4853087365627289,0.5180612206459045,0.24603329598903656,0.168758824467659,0.21574892103672028,0.16223840415477753,0.2039392590522766,0.22751645743846893,0.23326069116592407,0.14328782260417938
"CD8-positive, alpha-beta T cell",0.4866849482059479,0.4211220145225525,0.5229795575141907,0.5249700546264648,0.6118872761726379,0.39615827798843384,0.4140996038913727,0.6279033422470093,0.6126631498336792,0.44572630524635315,0.5210309028625488,0.6579121947288513,0.6232643723487854,0.5724955797195435,0.6115972399711609,0.31993192434310913,0.2299591302871704,0.2967483699321747,0.23678122460842133,0.2824972867965698,0.2899470329284668,0.31501510739326477,0.2086220532655716
T cell,0.40909266471862793,0.3021077513694763,0.38289591670036316,0.4059496223926544,0.4653027653694153,0.4617619216442108,0.4086213707923889,0.4880569279193878,0.4596879482269287,0.33741605281829834,0.389493465423584,0.5396619439125061,0.47574231028556824,0.4327342212200165,0.4704759120941162,0.33813953399658203,0.19935564696788788,0.2349058836698532,0.21952998638153076,0.2332443743944168,0.2498132288455963,0.20127536356449127,0.1800791174173355
classical monocyte,0.520546019077301,0.3844005763530731,0.4646638333797455,0.5152236223220825,0.5901932716369629,0.5244091749191284,0.5707078576087952,0.6072798371315002,0.585996687412262,0.46158865094184875,0.47676849365234375,0.6376898884773254,0.5351839661598206,0.5588403940200806,0.5761577486991882,0.3753773868083954,0.2588437497615814,0.3472920358181,0.2764159142971039,0.37915393710136414,0.4088978171348572,0.30702292919158936,0.25155097246170044
endothelial cell,0.7184275984764099,0.473316490650177,0.5222191214561462,0.6104001998901367,0.6813273429870605,0.6117295026779175,0.5170760154724121,0.686107337474823,0.6579477787017822,0.5431948900222778,0.5913523435592651,0.7834063768386841,0.5856015682220459,0.6484993100166321,0.6719620227813721,0.2938581705093384,0.2683354914188385,0.31134310364723206,0.3188979923725128,0.2860817015171051,0.367026686668396,0.5084928274154663,0.2655532658100128
fibroblast,0.49547481536865234,0.3338536024093628,0.4054960012435913,0.5314175486564636,0.621845543384552,0.656017541885376,0.5271268486976624,0.6405324935913086,0.6172067523002625,0.481477290391922,0.4595169126987457,0.7080332636833191,0.4727247953414917,0.5919837355613708,0.6088671088218689,0.4502200782299042,0.4030579626560211,0.4027089476585388,0.27944791316986084,0.401145875453949,0.3855951726436615,0.3214696943759918,0.37026336789131165
intermediate monocyte,0.5400100946426392,0.398104190826416,0.47686299681663513,0.5368364453315735,0.608326256275177,0.5468872785568237,0.5926819443702698,0.6234096884727478,0.6047667264938354,0.4818769693374634,0.4903421998023987,0.6545965075492859,0.5515568852424622,0.5773123502731323,0.5903763175010681,0.40564626455307007,0.2905391752719879,0.3709522485733032,0.29138877987861633,0.4032069444656372,0.4350505769252777,0.32851067185401917,0.27972570061683655
macrophage,0.42338767647743225,0.2746109664440155,0.36699357628822327,0.40754151344299316,0.5067790746688843,0.3672209084033966,0.4537765383720398,0.5213795304298401,0.4919610619544983,0.34000444412231445,0.35801926255226135,0.550262987613678,0.4362347722053528,0.4690296947956085,0.48511001467704773,0.25233975052833557,0.14341220259666443,0.22540397942066193,0.18144802749156952,0.24865247309207916,0.2868601381778717,0.18597954511642456,0.1262660175561905
mast cell,0.39321401715278625,0.25166356563568115,0.32834702730178833,0.39450863003730774,0.46713635325431824,0.45673054456710815,0.403937429189682,0.48682424426078796,0.44837066531181335,0.34748080372810364,0.3431166410446167,0.5460782051086426,0.4056210219860077,0.4334108531475067,0.467905730009079,0.33146634697914124,0.1943313032388687,0.220621719956398,0.18044991791248322,0.21732063591480255,0.2452765852212906,0.19949714839458466,0.171354278922081
mature NK T cell,0.4144571125507355,0.3294405937194824,0.4124642610549927,0.4155377447605133,0.48774293065071106,0.4112659692764282,0.37850579619407654,0.5009551644325256,0.47470057010650635,0.338049054145813,0.4167531132698059,0.5365787744522095,0.49529898166656494,0.4458072781562805,0.48121657967567444,0.26891422271728516,0.16646939516067505,0.22568675875663757,0.18789507448673248,0.21965260803699493,0.24591894447803497,0.2272249311208725,0.15893886983394623
monocyte,0.4309360980987549,0.30953431129455566,0.373239129781723,0.4239431321620941,0.500173032283783,0.4051719307899475,0.4639074206352234,0.5145217776298523,0.49609458446502686,0.3728794753551483,0.3729013204574585,0.5421628355979919,0.42646217346191406,0.46018239855766296,0.4815122187137604,0.3133258819580078,0.22893428802490234,0.27070537209510803,0.24813295900821686,0.29676076769828796,0.348879873752594,0.26024129986763,0.20889022946357727
natural killer cell,0.5938409566879272,0.5456919074058533,0.6298608779907227,0.6414006948471069,0.7009140849113464,0.5334984660148621,0.5451410412788391,0.7161033153533936,0.7064486742019653,0.5676156878471375,0.6282850503921509,0.7392756342887878,0.6897891163825989,0.666286826133728,0.7037256956100464,0.41914471983909607,0.3022155463695526,0.40719786286354065,0.31322354078292847,0.3845209777355194,0.4071768820285797,0.45397433638572693,0.2714649736881256
neutrophil,0.5020097494125366,0.370969295501709,0.4512058198451996,0.4923551380634308,0.5701594352722168,0.5316401124000549,0.5468595027923584,0.5873186588287354,0.5616922974586487,0.44816291332244873,0.46276986598968506,0.619989275932312,0.5261139869689941,0.5362869501113892,0.5581302642822266,0.37415340542793274,0.2539016902446747,0.33569592237472534,0.2546216547489166,0.36387595534324646,0.3843095600605011,0.27516838908195496,0.24187608063220978
non-classical monocyte,0.3892030417919159,0.2718096673488617,0.3507354259490967,0.37900131940841675,0.4576321542263031,0.3676677346229553,0.4182927906513214,0.4672107398509979,0.44146665930747986,0.30745455622673035,0.3323077857494354,0.49987170100212097,0.4216565191745758,0.42419955134391785,0.4418254494667053,0.2565819025039673,0.14576002955436707,0.2142850011587143,0.19356192648410797,0.23652315139770508,0.2593429982662201,0.1719469577074051,0.14452910423278809
pancreatic A cell,0.5185278058052063,0.26052191853523254,0.3429587781429291,0.5690327882766724,0.6415205001831055,0.567706286907196,0.5752590894699097,0.6677249670028687,0.6336830854415894,0.5210790038108826,0.4355217516422272,0.7655422687530518,0.4026852548122406,0.5999710559844971,0.6476229429244995,0.5565190315246582,0.6271291375160217,0.4496380388736725,0.48769161105155945,0.24898189306259155,0.2507980763912201,0.4465012848377228,0.6052498817443848
pancreatic D cell,0.4106215834617615,0.16058297455310822,0.2305956333875656,0.6570696830749512,0.7807531356811523,0.7722036838531494,0.7683349847793579,0.8093935251235962,0.7663040161132812,0.6157366633415222,0.34597110748291016,0.8502369523048401,0.27022072672843933,0.71322101354599,0.7470824122428894,0.7177236080169678,0.6479218006134033,0.6581668257713318,0.6024574041366577,0.6180044412612915,0.5938912630081177,0.5885233879089355,0.6327873468399048
pancreatic PP cell,0.34522995352745056,0.18583308160305023,0.26984649896621704,0.37564268708229065,0.4518440365791321,0.41160812973976135,0.41496410965919495,0.4775027334690094,0.43065986037254333,0.30478671193122864,0.2986017167568207,0.5876036286354065,0.3220701515674591,0.4165199398994446,0.46667781472206116,0.384729266166687,0.3957135081291199,0.3054841458797455,0.2665768563747406,0.14610768854618073,0.1707289069890976,0.23948338627815247,0.3568252623081207
pancreatic acinar cell,0.4950704276561737,0.3305998742580414,0.39667704701423645,0.4926929175853729,0.36947670578956604,0.5783030390739441,0.5123375654220581,0.37788301706314087,0.3695693612098694,0.44684961438179016,0.4344806671142578,0.5346075892448425,0.424308717250824,0.394015371799469,0.37889477610588074,0.5162673592567444,0.44362983107566833,0.45805564522743225,0.3929034471511841,0.3985537886619568,0.3968386650085449,0.3938804864883423,0.4194481074810028
pancreatic ductal cell,0.3897658884525299,0.2053593546152115,0.2909521460533142,0.3716200292110443,0.5097402334213257,0.39834561944007874,0.3887372612953186,0.538729190826416,0.4850328862667084,0.29669705033302307,0.3097461760044098,0.6585075855255127,0.346819132566452,0.4664601981639862,0.5145184397697449,0.1595546007156372,0.09904038161039352,0.11628221720457077,0.10068681836128235,0.11699789017438889,0.168258398771286,0.11621130257844925,0.07537459582090378
pancreatic stellate cell,0.3300952911376953,0.17114554345607758,0.23336747288703918,0.29464635252952576,0.40815460681915283,0.36009374260902405,0.29034894704818726,0.42451509833335876,0.3780454993247986,0.23676007986068726,0.25797492265701294,0.5365607738494873,0.2909877896308899,0.3718324601650238,0.3911469876766205,0.1432598978281021,0.08934453874826431,0.11464809626340866,0.07056394964456558,0.11944688856601715,0.17414306104183197,0.10010236501693726,0.0670701414346695
plasma cell,0.208170086145401,0.10341503471136093,0.17969590425491333,0.14810509979724884,0.22825269401073456,0.2735331356525421,0.18830719590187073,0.24386055767536163,0.20140722393989563,0.1067223846912384,0.1618008315563202,0.3418547511100769,0.29190579056739807,0.18666209280490875,0.2103603631258011,0.18492355942726135,0.04174599051475525,0.050436027348041534,0.01966661959886551,0.013955562375485897,0.021612852811813354,-0.03699200600385666,-0.00500252190977335
type B pancreatic cell,0.4353601336479187,0.15276426076889038,0.2311587780714035,0.7091524004936218,0.8488229513168335,0.830701470375061,0.82523113489151,0.8757367730140686,0.8387677073478699,0.6803874969482422,0.38577404618263245,0.9151100516319275,0.26952776312828064,0.7863482236862183,0.8161875009536743,0.760576069355011,0.6896950602531433,0.7114139795303345,0.6595517992973328,0.6973538398742676,0.6749764680862427,0.6542242765426636,0.6699212789535522
