Sender,B cell,"CD4-positive, alpha-beta T cell","CD8-positive, alpha-beta T cell",Mueller cell,Schwann cell,T cell,acinar cell,adipocyte,basophil,classical monocyte,conjunctival epithelial cell,corneal epithelial cell,endothelial cell,erythrocyte,erythroid lineage cell,eye photoreceptor cell,fibroblast,intermediate monocyte,keratocyte,macrophage,mast cell,mature NK T cell,microglial cell,monocyte,muscle cell,myeloid dendritic cell,myeloid leukocyte,natural killer cell,neutrophil,non-classical monocyte,plasma cell,radial glial cell,retina horizontal cell,retinal bipolar neuron,retinal blood vessel endothelial cell,retinal ganglion cell,retinal pigment epithelial cell,smooth muscle cell,stromal cell
B cell,0.34864068031311035,0.3341986835002899,0.38708582520484924,0.28143730759620667,0.23830491304397583,0.3247462809085846,0.34591755270957947,0.3123067319393158,0.31644514203071594,0.5512953400611877,0.2745935916900635,0.3028053641319275,0.3635539412498474,0.29193028807640076,0.29684358835220337,0.30166855454444885,0.38708585500717163,0.5525833368301392,0.42595604062080383,0.537598729133606,0.3020413815975189,0.36134377121925354,0.5239126682281494,0.5387464165687561,0.22897331416606903,0.34645411372184753,0.5454118251800537,0.397923082113266,0.6255114078521729,0.5315154790878296,0.22930322587490082,0.3123460114002228,0.274067759513855,0.3156355619430542,0.3305046558380127,0.2984967827796936,0.3938082158565521,0.24216124415397644,0.3118547797203064
"CD4-positive, alpha-beta T cell",0.36783158779144287,0.3634338676929474,0.4037173390388489,0.28548499941825867,0.2453824281692505,0.3516692519187927,0.3592416048049927,0.32986578345298767,0.3260669410228729,0.5372610092163086,0.26245179772377014,0.28395000100135803,0.38041093945503235,0.3347984850406647,0.32099518179893494,0.32946935296058655,0.37147828936576843,0.5378884077072144,0.40946653485298157,0.5179092884063721,0.32027533650398254,0.3703557252883911,0.5119849443435669,0.5257169604301453,0.2306036502122879,0.3721207082271576,0.5256671905517578,0.41075941920280457,0.6110317707061768,0.5192908644676208,0.24140720069408417,0.28839585185050964,0.28003808856010437,0.3541688024997711,0.3290741443634033,0.32538145780563354,0.40407857298851013,0.24061064422130585,0.30794423818588257
"CD8-positive, alpha-beta T cell",0.40408244729042053,0.399614155292511,0.42857417464256287,0.309649795293808,0.2715519666671753,0.38899514079093933,0.37524157762527466,0.35291340947151184,0.36096662282943726,0.5495479106903076,0.3017374575138092,0.32771119475364685,0.4335290193557739,0.3507055342197418,0.3466298282146454,0.3547215163707733,0.40053504705429077,0.5475795865058899,0.43375301361083984,0.5278451442718506,0.3495999574661255,0.3872400224208832,0.522682785987854,0.5357783436775208,0.2904377281665802,0.39207029342651367,0.5390586853027344,0.4300003945827484,0.6208425760269165,0.5429134964942932,0.26597246527671814,0.33081480860710144,0.3027380704879761,0.3622992932796478,0.37174293398857117,0.3931772708892822,0.42729735374450684,0.2839542627334595,0.3500140607357025
Mueller cell,0.37177374958992004,0.3058112859725952,0.3453978896141052,0.3483215272426605,0.2870960235595703,0.2917709946632385,0.36531153321266174,0.2949647903442383,0.3083576261997223,0.3576948940753937,0.3114820122718811,0.3341224491596222,0.3562002182006836,0.3267548680305481,0.31184908747673035,0.3839391767978668,0.42888927459716797,0.34651464223861694,0.47449472546577454,0.35844895243644714,0.3028325140476227,0.3246985077857971,0.3863956928253174,0.35266390442848206,0.31213727593421936,0.22796513140201569,0.35231950879096985,0.35857391357421875,0.360237717628479,0.3723022937774658,0.3367994427680969,0.3461158573627472,0.33628594875335693,0.36716628074645996,0.3213309943675995,0.3438032567501068,0.429320365190506,0.28973230719566345,0.3598901331424713
Schwann cell,0.3508204221725464,0.2621079981327057,0.3258676528930664,0.29468974471092224,0.24943453073501587,0.24213749170303345,0.34528806805610657,0.29465165734291077,0.315455824136734,0.5116965174674988,0.3065812587738037,0.32826662063598633,0.3512038290500641,0.3415166735649109,0.31800493597984314,0.3391888737678528,0.3598349690437317,0.5098776817321777,0.4209105372428894,0.488779753446579,0.30944880843162537,0.32012346386909485,0.49111315608024597,0.49780574440956116,0.17176009714603424,0.3013933598995209,0.49373552203178406,0.35657110810279846,0.5937315821647644,0.4950682520866394,0.2337164282798767,0.3732735812664032,0.2870086431503296,0.35255810618400574,0.310880571603775,0.31224581599235535,0.4085053503513336,0.2584104835987091,0.3113066256046295
T cell,0.3552226424217224,0.35745131969451904,0.3949160873889923,0.2836516797542572,0.24449767172336578,0.3451211750507355,0.36856430768966675,0.3304203152656555,0.32939937710762024,0.553809404373169,0.2649737000465393,0.2878654897212982,0.382312148809433,0.3349071443080902,0.313383013010025,0.3302694857120514,0.36234140396118164,0.5578720569610596,0.4071660339832306,0.5355310440063477,0.32492372393608093,0.3573872745037079,0.5279698371887207,0.5414788722991943,0.2108709067106247,0.36124253273010254,0.5492603778839111,0.40496209263801575,0.642989993095398,0.5369980335235596,0.2112753540277481,0.2995322644710541,0.2755717933177948,0.3520847260951996,0.3246995508670807,0.31448522210121155,0.4079819321632385,0.24295638501644135,0.3047649562358856
acinar cell,0.2931719422340393,0.24603261053562164,0.2573609948158264,0.2685633599758148,0.246848002076149,0.22556445002555847,0.39211058616638184,0.35478636622428894,0.238225057721138,0.32949456572532654,0.23707513511180878,0.23760856688022614,0.3367897570133209,0.29354360699653625,0.2833479940891266,0.3252239525318146,0.3857937753200531,0.3222619593143463,0.4532884657382965,0.34656891226768494,0.24458883702754974,0.2677473723888397,0.3592499792575836,0.3252682387828827,0.16251282393932343,-0.012247144244611263,0.32401302456855774,0.3043428063392639,0.30179572105407715,0.3200533092021942,0.21719160676002502,0.24779890477657318,0.2547128200531006,0.34498926997184753,0.2860725224018097,0.24319282174110413,0.4141932725906372,0.232305645942688,0.2862672209739685
adipocyte,0.3308577835559845,0.26585766673088074,0.32292619347572327,0.2219785451889038,0.21439297497272491,0.2644961476325989,0.33168092370033264,0.29701218008995056,0.2596051096916199,0.6531621217727661,0.25709351897239685,0.2719397246837616,0.3052021563053131,0.18503667414188385,0.23485006392002106,0.3469586670398712,0.26408013701438904,0.6670836210250854,0.27347931265830994,0.6375022530555725,0.26269516348838806,0.2986270487308502,0.6435350775718689,0.6532877087593079,0.12378138303756714,0.2373880296945572,0.6598576307296753,0.33240649104118347,0.7326548099517822,0.64803147315979,0.19520460069179535,0.3258230686187744,0.23023606836795807,0.3559490740299225,0.2601986527442932,0.24895252287387848,0.3364013433456421,0.21496908366680145,0.23876674473285675
basophil,0.3569357693195343,0.3523123264312744,0.3869015872478485,0.32550153136253357,0.28969141840934753,0.3445330858230591,0.34241756796836853,0.311617374420166,0.3523814082145691,0.47251877188682556,0.3821062743663788,0.42033255100250244,0.37419795989990234,0.2622835338115692,0.270137757062912,0.3418687880039215,0.4468458890914917,0.46572473645210266,0.49093037843704224,0.4216431677341461,0.34919291734695435,0.36500033736228943,0.43391522765159607,0.45214009284973145,0.2046210616827011,0.35253748297691345,0.4359196722507477,0.40048617124557495,0.5928202271461487,0.46546658873558044,0.232619509100914,0.4373072683811188,0.31398752331733704,0.338801771402359,0.34858936071395874,0.35225003957748413,0.43588516116142273,0.291231244802475,0.3629096448421478
classical monocyte,0.4119560718536377,0.36145642399787903,0.41071608662605286,0.33108675479888916,0.29498380422592163,0.3660912811756134,0.39747104048728943,0.42424243688583374,0.38084879517555237,0.4658544957637787,0.362897664308548,0.3757342994213104,0.4428531229496002,0.3483530580997467,0.36402636766433716,0.33485135436058044,0.5413792133331299,0.4763329029083252,0.5630366206169128,0.46218472719192505,0.3823966085910797,0.3886759579181671,0.4632395803928375,0.4645960330963135,0.2808123528957367,0.3958940804004669,0.474057674407959,0.42272695899009705,0.551606297492981,0.44534942507743835,0.33739861845970154,0.4044027030467987,0.32692572474479675,0.3406762480735779,0.3978492319583893,0.38758423924446106,0.41836071014404297,0.31386759877204895,0.40241923928260803
conjunctival epithelial cell,0.399265855550766,0.3590390384197235,0.3998284637928009,0.3028852939605713,0.31348636746406555,0.3496086597442627,0.336845338344574,0.3062525689601898,0.39622777700424194,0.5218588709831238,0.38211938738822937,0.4090765416622162,0.3739974796772003,0.2754647433757782,0.27874693274497986,0.3322010934352875,0.40976256132125854,0.5216742753982544,0.4509228467941284,0.4706268608570099,0.3887593150138855,0.3997655510902405,0.4984399676322937,0.5073597431182861,0.25302281975746155,0.35612353682518005,0.48786085844039917,0.41212618350982666,0.604606568813324,0.5271482467651367,0.32896527647972107,0.4371943175792694,0.30162906646728516,0.35198497772216797,0.35116007924079895,0.3525436818599701,0.40174832940101624,0.30591052770614624,0.3436862528324127
corneal epithelial cell,0.4543294608592987,0.4178190529346466,0.4584527313709259,0.35406437516212463,0.3748319447040558,0.4136184751987457,0.3550603985786438,0.33259961009025574,0.46125850081443787,0.5272529721260071,0.44585633277893066,0.4875897467136383,0.4153193533420563,0.3162117898464203,0.31547150015830994,0.3684947192668915,0.4768635928630829,0.5233218669891357,0.5091648101806641,0.47689464688301086,0.449779212474823,0.4514450132846832,0.507201075553894,0.5172066688537598,0.31219273805618286,0.4332869350910187,0.5017884969711304,0.45842525362968445,0.6039939522743225,0.5409851670265198,0.39341357350349426,0.5110355615615845,0.3577713668346405,0.3821794092655182,0.39690664410591125,0.4379626214504242,0.4468362331390381,0.35930365324020386,0.4187224209308624
endothelial cell,0.3293936550617218,0.28562548756599426,0.3395251929759979,0.23897096514701843,0.2017604559659958,0.2758515179157257,0.31844213604927063,0.2918016314506531,0.26899582147598267,0.6501774787902832,0.25780394673347473,0.30173543095588684,0.3378244936466217,0.05220550298690796,0.17624905705451965,0.32491371035575867,0.3131498396396637,0.6691405773162842,0.3476909101009369,0.6525521278381348,0.26290470361709595,0.31467702984809875,0.6437149047851562,0.6505572199821472,0.0941198319196701,0.3710149824619293,0.6682448983192444,0.33865365386009216,0.746486485004425,0.6415610313415527,0.2079746574163437,0.39207473397254944,0.24571125209331512,0.32574811577796936,0.2987554371356964,0.27912864089012146,0.3509872257709503,0.22527062892913818,0.255863219499588
erythrocyte,0.0037920556496828794,-0.0012955585261806846,0.027482427656650543,0.0153112867847085,0.14924995601177216,0.003969088662415743,0.01845167577266693,0.09573566913604736,0.012310639955103397,0.07294166833162308,0.03993472456932068,0.0757606253027916,0.06485477089881897,1.5736222849227488e-05,0.04453728348016739,0.0344231016933918,0.6196606159210205,0.09144909679889679,0.6917358040809631,0.29325976967811584,0.01311818603426218,0.2100326269865036,0.17561779916286469,0.08261135965585709,0.004415594507008791,0.05550694465637207,0.1549973487854004,0.2584550082683563,-0.03151845186948776,0.0933663547039032,-0.08062834292650223,0.014508315362036228,-0.002547241048887372,0.07979165017604828,0.09606803953647614,0.05524473264813423,0.015131019987165928,0.0891183391213417,0.07393211126327515
erythroid lineage cell,0.2123095840215683,0.18940237164497375,0.24193401634693146,0.1318279653787613,0.19540570676326752,0.1686699092388153,0.23184706270694733,0.2090320587158203,0.11900380253791809,0.31864452362060547,0.13641242682933807,0.15753453969955444,0.1759200245141983,0.07549351453781128,0.1545090228319168,0.2591822147369385,0.3148505985736847,0.3244892954826355,0.4312167465686798,0.41970887780189514,0.15308372676372528,0.26397019624710083,0.41950997710227966,0.31216543912887573,0.042786307632923126,0.13531182706356049,0.33526942133903503,0.30702707171440125,0.23965267837047577,0.28696686029434204,0.06856594979763031,0.15057331323623657,0.104528047144413,0.275422602891922,0.19853825867176056,0.16103138029575348,0.18990062177181244,0.16017569601535797,0.15621891617774963
eye photoreceptor cell,0.3159037232398987,0.2020910233259201,0.20235182344913483,0.40904471278190613,0.37431398034095764,0.18697597086429596,0.386557012796402,0.3486100435256958,0.2555658519268036,0.23983155190944672,0.3328160345554352,0.3350687623023987,0.2819632589817047,0.26115211844444275,0.28870999813079834,0.5322323441505432,0.44246914982795715,0.23580588400363922,0.45344412326812744,0.280242383480072,0.2940811812877655,0.26326480507850647,0.29813334345817566,0.23997439444065094,0.2100735604763031,0.05274370312690735,0.2620145380496979,0.2439192682504654,0.2854098379611969,0.24911977350711823,0.37587496638298035,0.3584824800491333,0.4066784381866455,0.47205957770347595,0.3398948013782501,0.3440082371234894,0.4138931334018707,0.3409535884857178,0.36162081360816956
fibroblast,0.40556207299232483,0.36788085103034973,0.4074457585811615,0.29934999346733093,0.25063788890838623,0.34700721502304077,0.35232436656951904,0.31450435519218445,0.3504163920879364,0.5111610889434814,0.36299434304237366,0.3906489312648773,0.3873349130153656,0.34426453709602356,0.3352246880531311,0.3455914855003357,0.3832428455352783,0.5156825184822083,0.406432181596756,0.4963076114654541,0.3350306451320648,0.38327738642692566,0.4995177388191223,0.5055650472640991,0.2454281598329544,0.42528942227363586,0.5089033842086792,0.3994166851043701,0.5779523849487305,0.5014039278030396,0.308962881565094,0.431710809469223,0.3019650876522064,0.3574218451976776,0.34774690866470337,0.3499774634838104,0.3928562104701996,0.28535476326942444,0.3325722813606262
intermediate monocyte,0.4169861078262329,0.3596142530441284,0.41035032272338867,0.33066049218177795,0.29112473130226135,0.3624076843261719,0.40664079785346985,0.43654030561447144,0.3976993262767792,0.5064922571182251,0.36223649978637695,0.37995967268943787,0.47366443276405334,0.3667774498462677,0.3846682608127594,0.3323496878147125,0.551148533821106,0.5177799463272095,0.5715110898017883,0.5122847557067871,0.3894230127334595,0.38755157589912415,0.5112005472183228,0.5012264251708984,0.2829400300979614,0.3972020447254181,0.5198159217834473,0.4242546856403351,0.5924909114837646,0.49186962842941284,0.3379383683204651,0.4071814715862274,0.3290030360221863,0.339646577835083,0.3998398184776306,0.40275391936302185,0.42220428586006165,0.31429702043533325,0.40891924500465393
keratocyte,0.4396804869174957,0.41326016187667847,0.4471788704395294,0.3398771584033966,0.2800449728965759,0.3992738425731659,0.3773978352546692,0.3526018559932709,0.39089277386665344,0.5181509256362915,0.4030017554759979,0.4260793924331665,0.42241355776786804,0.3968936800956726,0.3907831609249115,0.37956398725509644,0.41651517152786255,0.5222140550613403,0.43637847900390625,0.5032591819763184,0.37627550959587097,0.4237786531448364,0.507957398891449,0.5156127214431763,0.3166644871234894,0.48903021216392517,0.5174049139022827,0.4369516670703888,0.5707205533981323,0.5102627873420715,0.3742509186267853,0.4646712839603424,0.33601483702659607,0.3784756362438202,0.381670206785202,0.3957267105579376,0.42313075065612793,0.31569626927375793,0.371187299489975
macrophage,0.3660193383693695,0.3185620605945587,0.3593835234642029,0.2986067235469818,0.2442779392004013,0.30747848749160767,0.3840327262878418,0.3651163876056671,0.32309213280677795,0.4446338713169098,0.3145715594291687,0.3273651599884033,0.39732685685157776,0.3470000922679901,0.33537840843200684,0.31780239939689636,0.47801193594932556,0.4653969705104828,0.510751485824585,0.4553038775920868,0.3139651119709015,0.3291334807872772,0.4572792649269104,0.438162237405777,0.23504777252674103,0.3494836091995239,0.46615272760391235,0.3665853440761566,0.562296450138092,0.4385916292667389,0.27043166756629944,0.3493976294994354,0.2966476380825043,0.32467907667160034,0.3474567234516144,0.3409494161605835,0.37595319747924805,0.2733830213546753,0.33865630626678467
mast cell,0.3683241307735443,0.36239907145500183,0.3903394937515259,0.3455456793308258,0.30648717284202576,0.3549511730670929,0.36001744866371155,0.3587249219417572,0.37361282110214233,0.4654845893383026,0.40763434767723083,0.4433838725090027,0.3963679075241089,0.3187343180179596,0.32584148645401,0.35253575444221497,0.446255624294281,0.4577065110206604,0.4928116500377655,0.4149107038974762,0.37276792526245117,0.37643033266067505,0.4298968017101288,0.44858768582344055,0.23042121529579163,0.3712894916534424,0.43590670824050903,0.4047134816646576,0.5907202363014221,0.4538971781730652,0.26806363463401794,0.45907941460609436,0.33558544516563416,0.35166049003601074,0.3649827539920807,0.3655259907245636,0.42919641733169556,0.320123553276062,0.3730384111404419
mature NK T cell,0.3677372634410858,0.3715880811214447,0.38576123118400574,0.32793161273002625,0.30226463079452515,0.355625718832016,0.3692382872104645,0.34359225630760193,0.3597605228424072,0.46406230330467224,0.36884039640426636,0.3941905200481415,0.3852035701274872,0.3316918611526489,0.32813528180122375,0.38470837473869324,0.378123015165329,0.4544169008731842,0.41160693764686584,0.4344038963317871,0.3599024713039398,0.3690849244594574,0.43817272782325745,0.44726863503456116,0.2983410656452179,0.35398975014686584,0.44432973861694336,0.4053325951099396,0.5420118570327759,0.4546721577644348,0.28635308146476746,0.4109857380390167,0.32888248562812805,0.3562958538532257,0.36031898856163025,0.35851356387138367,0.4168841242790222,0.33928167819976807,0.35232773423194885
microglial cell,0.34942618012428284,0.31089282035827637,0.35519590973854065,0.2957499325275421,0.2458956390619278,0.29562315344810486,0.3800313472747803,0.372793585062027,0.31955257058143616,0.4472911059856415,0.3015938103199005,0.3283456563949585,0.39224258065223694,0.3534388244152069,0.351463258266449,0.3236836791038513,0.4898698031902313,0.46646174788475037,0.524013876914978,0.45946255326271057,0.3146476447582245,0.33014777302742004,0.45509204268455505,0.43731704354286194,0.2222103625535965,0.33840301632881165,0.46484723687171936,0.3741820454597473,0.5700888633728027,0.4328865706920624,0.2561675012111664,0.3546905219554901,0.2967723309993744,0.33049750328063965,0.33801141381263733,0.33257797360420227,0.38894352316856384,0.26532819867134094,0.3346066176891327
monocyte,0.39345014095306396,0.34491443634033203,0.3904654383659363,0.3195017874240875,0.27606430649757385,0.34031808376312256,0.39600056409835815,0.41421863436698914,0.3678596019744873,0.47185835242271423,0.34741318225860596,0.3641849160194397,0.4346047043800354,0.36227962374687195,0.3727628290653229,0.3303993046283722,0.5372012257575989,0.4796614944934845,0.5606633424758911,0.47147369384765625,0.36635270714759827,0.3726731836795807,0.46881380677223206,0.467986524105072,0.25845450162887573,0.36931028962135315,0.4791634976863861,0.4049362242221832,0.5618138313293457,0.44735270738601685,0.31943443417549133,0.3935545086860657,0.31632301211357117,0.3404122292995453,0.3779365122318268,0.3697976768016815,0.4105989634990692,0.29572194814682007,0.3843050003051758
muscle cell,0.24348004162311554,0.2905846834182739,0.3115541636943817,0.3240381181240082,0.20755630731582642,0.2622601091861725,0.366767942905426,0.28212377429008484,0.18691933155059814,0.27671417593955994,0.17017802596092224,0.2198992818593979,0.25985243916511536,0.33844825625419617,0.30663803219795227,0.31281396746635437,0.47544458508491516,0.26505962014198303,0.5136318206787109,0.2936423718929291,0.1478174477815628,0.2943127453327179,0.29141759872436523,0.2668820917606354,0.050237540155649185,0.2512096166610718,0.2657702565193176,0.35861822962760925,0.27283284068107605,0.2924607992172241,0.06204552203416824,0.2023393213748932,0.2785830795764923,0.3096688687801361,0.23132504522800446,0.2597830891609192,0.48795315623283386,0.20235218107700348,0.37944796681404114
myeloid dendritic cell,0.4321478307247162,0.37662914395332336,0.3945808410644531,0.3340388834476471,0.2776557207107544,0.38270995020866394,-0.037331804633140564,0.13080139458179474,0.32427093386650085,0.6324541568756104,0.2720162570476532,0.3135351836681366,0.9548531174659729,0.14601550996303558,0.2584182620048523,0.5101244449615479,0.5576441287994385,0.6315240263938904,0.6046173572540283,0.6366511583328247,0.2682102918624878,0.3279753625392914,0.6458156108856201,0.625475287437439,0.15562580525875092,0.320747047662735,0.6300345063209534,0.3993133306503296,0.7245768904685974,0.6538191437721252,0.2625333070755005,0.3666655123233795,0.32145389914512634,0.45126697421073914,0.48163777589797974,0.7001889944076538,0.5728441476821899,0.2678920328617096,0.4769534766674042
myeloid leukocyte,0.39842742681503296,0.34167131781578064,0.3951743543148041,0.3204773962497711,0.2690214216709137,0.3353032171726227,0.40023308992385864,0.41723886132240295,0.3692267835140228,0.5086472034454346,0.33845072984695435,0.35962602496147156,0.4598451554775238,0.37662798166275024,0.3884030878543854,0.3392840027809143,0.5402793884277344,0.5235767364501953,0.5642502903938293,0.5147677659988403,0.35870903730392456,0.3667500913143158,0.515373945236206,0.5021068453788757,0.2544531524181366,0.3869820833206177,0.5262929201126099,0.403266578912735,0.619530200958252,0.4978041648864746,0.30526790022850037,0.38823235034942627,0.3211928606033325,0.34651750326156616,0.3818250298500061,0.38952362537384033,0.4059465527534485,0.29455044865608215,0.3843376934528351
natural killer cell,0.4255562722682953,0.42012760043144226,0.438777357339859,0.3460392951965332,0.31179240345954895,0.4164070785045624,0.409405380487442,0.38549408316612244,0.4012385606765747,0.5450735688209534,0.37218961119651794,0.3893919885158539,0.4465433359146118,0.3820682466030121,0.3756488263607025,0.3418935537338257,0.4230216443538666,0.5434509515762329,0.45205211639404297,0.5258591175079346,0.38918009400367737,0.41707465052604675,0.523943305015564,0.5349118709564209,0.3757491409778595,0.4167928993701935,0.5314481258392334,0.4438868463039398,0.6009112596511841,0.5405210256576538,0.37040048837661743,0.39808234572410583,0.33609315752983093,0.35854583978652954,0.4051959216594696,0.4141681492328644,0.44075071811676025,0.35220012068748474,0.3938675820827484
neutrophil,0.4678192734718323,0.42662471532821655,0.48388054966926575,0.3020903170108795,0.32676053047180176,0.45798757672309875,0.331267386674881,0.35931864380836487,0.4269270598888397,0.5092440843582153,0.3669239282608032,0.37037187814712524,0.45402324199676514,0.09799881279468536,0.199637308716774,0.29844558238983154,0.5123900175094604,0.5239385366439819,0.5274880528450012,0.5181758403778076,0.4509666860103607,0.45096859335899353,0.5123883485794067,0.5122781991958618,0.26102086901664734,0.39510539174079895,0.5286332964897156,0.4817144274711609,0.5661067366600037,0.4800061285495758,0.35663333535194397,0.40835973620414734,0.30045560002326965,0.31605204939842224,0.4507982134819031,0.40059784054756165,0.3557875156402588,0.349187433719635,0.38408365845680237
non-classical monocyte,0.3953055441379547,0.342088907957077,0.40033966302871704,0.3090372085571289,0.27008500695228577,0.33772018551826477,0.37413665652275085,0.3579937815666199,0.3497578203678131,0.4625936448574066,0.32407012581825256,0.3435780704021454,0.42496976256370544,0.2290116846561432,0.2806859314441681,0.31282559037208557,0.5103239417076111,0.475158154964447,0.5347315073013306,0.47332218289375305,0.35223743319511414,0.37867119908332825,0.46950092911720276,0.4577849805355072,0.2574903964996338,0.37006741762161255,0.4789265990257263,0.4173004925251007,0.5532573461532593,0.44900718331336975,0.29473453760147095,0.3689177930355072,0.3058744966983795,0.3158753514289856,0.3872670829296112,0.36818787455558777,0.4089605510234833,0.2960886061191559,0.37884125113487244
plasma cell,0.20943251252174377,0.24857103824615479,0.2805485427379608,0.2444009929895401,0.2006807178258896,0.21790552139282227,0.27227285504341125,0.23141756653785706,0.2055613398551941,0.3212164044380188,0.21818119287490845,0.2448190599679947,0.2238730639219284,0.0072173778899014,0.12088576704263687,0.29062309861183167,0.36491426825523376,0.29848137497901917,0.41526833176612854,0.2857789099216461,0.22382895648479462,0.27443060278892517,0.268846333026886,0.29689842462539673,0.14888925850391388,0.2562549114227295,0.27058055996894836,0.3488486111164093,0.4207198917865753,0.28399625420570374,0.113941989839077,0.26767441630363464,0.2415744513273239,0.3033280670642853,0.23997658491134644,0.18342863023281097,0.36490240693092346,0.20554400980472565,0.22370319068431854
radial glial cell,0.47928348183631897,0.4407222270965576,0.4825465679168701,0.36504510045051575,0.39556312561035156,0.4449252784252167,0.3511238396167755,0.35248956084251404,0.4782237708568573,0.5458921194076538,0.47244006395339966,0.5141116976737976,0.46543022990226746,0.3116268217563629,0.3166082501411438,0.3854058086872101,0.48525863885879517,0.5474714040756226,0.5115600824356079,0.5042840242385864,0.4719819724559784,0.4762173593044281,0.5295482277870178,0.5387872457504272,0.33857932686805725,0.4596203565597534,0.5296597480773926,0.48025277256965637,0.6286208629608154,0.5574159026145935,0.4232094883918762,0.5414355397224426,0.36842110753059387,0.39523574709892273,0.43446967005729675,0.47814878821372986,0.45370468497276306,0.39028432965278625,0.44656217098236084
retina horizontal cell,0.3317948877811432,0.28913775086402893,0.31882885098457336,0.34242531657218933,0.28533485531806946,0.26791930198669434,0.344681978225708,0.2583746016025543,0.2991684079170227,0.33989688754081726,0.2952974736690521,0.33441004157066345,0.3219062387943268,0.26187536120414734,0.2584354877471924,0.3919178545475006,0.41929325461387634,0.3293006718158722,0.4735872447490692,0.335740327835083,0.2968173921108246,0.30838367342948914,0.3590530753135681,0.3327828049659729,0.2968895733356476,0.18954558670520782,0.33334165811538696,0.3421623408794403,0.34144899249076843,0.36520013213157654,0.2973158061504364,0.3366803824901581,0.3327399492263794,0.3583577573299408,0.30571797490119934,0.3316582143306732,0.43687906861305237,0.2866901755332947,0.3513605296611786
retinal bipolar neuron,0.275380402803421,0.26988545060157776,0.29703882336616516,0.3159312903881073,0.2676869332790375,0.25320401787757874,0.3030751943588257,0.24379673600196838,0.26013776659965515,0.27396443486213684,0.28759557008743286,0.3103570342063904,0.2698543667793274,0.15814369916915894,0.2004849761724472,0.4307558834552765,0.3253125548362732,0.26519775390625,0.3474646806716919,0.27348199486732483,0.278128445148468,0.2983921468257904,0.2946864366531372,0.2644951343536377,0.15878689289093018,0.19137132167816162,0.27196696400642395,0.32356858253479004,0.39384961128234863,0.30404338240623474,0.2528957724571228,0.3265223205089569,0.3099610507488251,0.38094642758369446,0.28284934163093567,0.28067758679389954,0.3606756031513214,0.29073286056518555,0.27566972374916077
retinal blood vessel endothelial cell,0.3907119929790497,0.3429684340953827,0.3869590163230896,0.2954098880290985,0.27053073048591614,0.3310061991214752,0.34751445055007935,0.3055413067340851,0.34660905599594116,0.49173399806022644,0.32846641540527344,0.34632164239883423,0.37326034903526306,0.2931073009967804,0.28926563262939453,0.32457318902015686,0.35301944613456726,0.4942741096019745,0.3775598108768463,0.46961700916290283,0.3308497369289398,0.3687354624271393,0.47441422939300537,0.4820322096347809,0.25017979741096497,0.3659531772136688,0.4808485507965088,0.3877977132797241,0.5586877465248108,0.48675182461738586,0.3061739504337311,0.3857629597187042,0.2955136299133301,0.33358684182167053,0.34300947189331055,0.34051987528800964,0.38154223561286926,0.2975853383541107,0.323064386844635
retinal ganglion cell,0.3375588357448578,0.3171325922012329,0.3685055673122406,0.2884819805622101,0.2576509416103363,0.3000262379646301,0.29511159658432007,0.2558334767818451,0.3101814091205597,0.4405384957790375,0.3005222678184509,0.3376641571521759,0.3242250084877014,0.19278162717819214,0.2561842203140259,0.3209792971611023,0.36032935976982117,0.4351477026939392,0.40176519751548767,0.42719370126724243,0.3058680295944214,0.34936246275901794,0.4256589710712433,0.4226130545139313,0.22548112273216248,0.3603518307209015,0.4274214208126068,0.388889342546463,0.5193713307380676,0.45012447237968445,0.25078675150871277,0.38212350010871887,0.2878914475440979,0.3080475628376007,0.3260444402694702,0.37103334069252014,0.39131221175193787,0.2733892500400543,0.3144984543323517
retinal pigment epithelial cell,0.4509941041469574,0.37343886494636536,0.4424625337123871,0.39141419529914856,0.3143135905265808,0.32853206992149353,0.46010276675224304,0.42304542660713196,0.36447057127952576,0.42991864681243896,0.37852129340171814,0.3811924159526825,0.45533233880996704,0.39354074001312256,0.3808254301548004,0.36307138204574585,0.4463619589805603,0.4253031313419342,0.47782596945762634,0.4396912455558777,0.33649319410324097,0.3880899250507355,0.46795016527175903,0.43149927258491516,0.36015212535858154,0.37051472067832947,0.4321262836456299,0.43776458501815796,0.4061054289340973,0.4297690689563751,0.4093201160430908,0.41090789437294006,0.375247985124588,0.3585599362850189,0.40245330333709717,0.4066923260688782,0.4616801142692566,0.3313940465450287,0.4289453625679016
smooth muscle cell,0.3703226149082184,0.28570252656936646,0.3356592357158661,0.28889593482017517,0.24865300953388214,0.2646788954734802,0.35265401005744934,0.30245646834373474,0.31256458163261414,0.487425297498703,0.3361048698425293,0.36190176010131836,0.371405690908432,0.3248867392539978,0.2934076189994812,0.33603885769844055,0.3647346794605255,0.48850587010383606,0.41067805886268616,0.4621903896331787,0.297931969165802,0.31772011518478394,0.47481560707092285,0.4778067171573639,0.16830496490001678,0.27984586358070374,0.46936097741127014,0.35489124059677124,0.5675826668739319,0.4863295257091522,0.25281497836112976,0.4215961992740631,0.2849217653274536,0.34776464104652405,0.3313850462436676,0.33876216411590576,0.4073374271392822,0.2909528613090515,0.31554555892944336
stromal cell,0.36010655760765076,0.32361966371536255,0.36411339044570923,0.3208959400653839,0.2612074315547943,0.2944428622722626,0.3538261353969574,0.2779110372066498,0.3204706907272339,0.4710403382778168,0.3194752633571625,0.35361066460609436,0.3445332944393158,0.24707099795341492,0.26583489775657654,0.3239750266075134,0.40263670682907104,0.456573486328125,0.45985791087150574,0.4422893226146698,0.30536627769470215,0.34502121806144714,0.44618096947669983,0.44995996356010437,0.27804484963417053,0.36869606375694275,0.4398444890975952,0.40028995275497437,0.5261168479919434,0.4978388249874115,0.2745230495929718,0.39633581042289734,0.30781257152557373,0.3301338851451874,0.3287169635295868,0.3377234637737274,0.44477447867393494,0.2859550416469574,0.3488830626010895
